{"cameraMode":{"drawMode":0,"name":"Shaded","section":"Shading Mode"},"sceneLighting":true,"audioPlay":false,"sceneViewState":{"showFog":true,"showMaterialUpdate":false,"showSkybox":true,"showFlares":true,"showImageEffects":true,"showParticleSystems":true},"in2DMode":false,"pivot":{"x":8.999168395996094,"y":-3.718942642211914,"z":10.913068771362305},"rotation":{"x":0.2435297667980194,"y":0.10537136346101761,"z":-0.026625297963619233,"w":0.9637848734855652},"size":32.75922775268555,"orthographic":false}